Factory_ID,Machine_ID,Energy_Consumption,Material_Usage,Waste_Generated,Carbon_Emissions,Production_Capacity,Reconfiguration_Time,Downtime,AI_Optimization_Applied,IoT_Enabled,Predictive_Maintenance,Digital_Twin_Used,Optimum_Value_for_Tool_Change,Optimum_Value_for_Setup_Change
F5,M202,183,231,19,33,159,57,27,Yes,Yes,Yes,No,14,22
F10,M448,250,476,41,52,259,36,11,Yes,Yes,No,No,26,42
F7,M370,227,219,43,77,262,33,16,No,Yes,No,Yes,10,24
F17,M206,225,353,18,77,199,44,12,Yes,No,No,Yes,21,40
F7,M171,144,267,26,30,161,55,9,Yes,Yes,No,No,25,24
F12,M288,151,413,20,54,238,51,14,No,Yes,Yes,No,26,19
F17,M120,179,342,41,31,261,48,25,No,Yes,No,No,28,24
F13,M202,277,431,19,59,227,35,9,No,Yes,Yes,No,21,32
F20,M221,223,412,31,32,270,58,21,Yes,Yes,No,Yes,25,35
F4,M314,218,278,26,50,172,47,9,Yes,Yes,No,No,23,38
F10,M430,107,413,13,54,283,32,26,Yes,No,No,No,22,20
F3,M187,184,315,34,49,174,31,19,Yes,No,Yes,Yes,15,17
F9,M472,228,291,30,78,167,13,17,No,No,Yes,Yes,28,22
F13,M199,107,469,46,51,290,58,5,Yes,Yes,No,No,11,44
F18,M459,256,367,47,50,192,18,15,Yes,Yes,No,Yes,14,23
F15,M251,195,257,10,62,227,13,27,No,Yes,No,No,11,19
F4,M230,201,483,34,67,177,16,5,No,No,Yes,No,9,43
F15,M249,104,225,45,44,295,32,15,Yes,Yes,Yes,Yes,16,16
F2,M408,185,265,26,75,208,11,22,No,Yes,Yes,Yes,20,16
F15,M357,274,447,33,44,212,58,22,No,No,No,No,29,21
F8,M443,133,453,11,75,241,33,25,Yes,No,Yes,Yes,25,31
F8,M393,292,243,49,54,205,49,20,Yes,Yes,No,No,22,24
F17,M485,154,296,24,50,260,40,17,Yes,Yes,Yes,No,7,26
F12,M291,218,241,41,53,286,56,11,Yes,Yes,No,No,24,16
F19,M376,270,426,48,34,217,40,5,No,Yes,No,Yes,19,24
F10,M260,257,461,15,35,195,56,20,No,No,Yes,No,9,34
F9,M413,213,366,10,78,216,49,5,Yes,Yes,No,No,17,15
F5,M121,244,478,32,72,285,57,21,Yes,Yes,No,No,23,18
F6,M352,125,288,48,77,155,52,10,No,No,No,Yes,16,27
F20,M335,235,377,26,73,173,43,6,Yes,Yes,Yes,No,27,26
F2,M444,146,396,43,76,243,33,21,Yes,Yes,No,No,25,25
F13,M148,212,466,38,52,162,58,10,Yes,No,Yes,No,9,43
F6,M158,175,467,18,33,174,35,18,Yes,No,Yes,Yes,10,24
F5,M269,171,273,22,56,297,25,22,No,Yes,No,No,11,29
F1,M287,188,207,15,47,267,56,10,Yes,No,Yes,No,14,19
F6,M370,145,496,15,50,231,22,14,No,No,No,Yes,20,39
F6,M289,295,363,29,57,260,24,28,Yes,Yes,Yes,Yes,12,31
F16,M274,132,284,12,64,231,36,22,Yes,No,No,No,13,42
F4,M150,100,271,26,51,215,13,13,No,Yes,Yes,No,8,19
F11,M463,246,254,21,69,194,25,12,Yes,Yes,No,No,25,16
F9,M154,130,246,10,52,263,39,14,No,Yes,No,Yes,25,23
F3,M343,241,437,26,32,212,53,21,Yes,Yes,No,Yes,12,20
F19,M419,152,303,12,69,225,39,27,Yes,No,No,No,29,32
F8,M230,147,409,35,79,263,45,10,Yes,Yes,Yes,Yes,11,28
F5,M406,168,241,24,39,260,12,18,Yes,Yes,Yes,No,19,33
F4,M234,204,467,45,54,296,31,26,Yes,Yes,No,No,25,28
F6,M120,189,462,41,78,184,58,26,No,Yes,Yes,Yes,7,22
F2,M428,289,458,41,37,202,31,10,No,No,No,No,21,31
F20,M266,293,482,13,40,175,59,11,Yes,No,No,Yes,15,42
F11,M373,291,313,27,34,163,59,16,Yes,No,Yes,Yes,13,17
F4,M487,297,239,28,74,267,58,7,No,Yes,Yes,No,9,43
F15,M188,162,419,44,66,194,21,18,No,No,No,Yes,29,24
F6,M415,172,328,49,74,200,30,26,Yes,No,Yes,No,14,31
F17,M113,260,207,23,67,268,13,23,Yes,Yes,No,Yes,19,41
F6,M341,268,300,42,58,168,40,27,No,No,Yes,No,18,25
F19,M364,188,375,23,34,231,53,20,Yes,Yes,Yes,No,8,22
F2,M445,275,306,43,38,225,40,11,No,No,Yes,No,25,15
F15,M152,112,300,13,77,241,32,12,Yes,No,Yes,Yes,24,27
F11,M485,172,459,33,31,182,29,22,No,No,Yes,No,6,35
F8,M439,176,445,38,30,296,24,29,No,No,No,Yes,16,18
F19,M191,258,474,28,69,177,32,17,Yes,Yes,Yes,Yes,5,21
F13,M466,167,231,15,59,272,37,25,No,Yes,Yes,Yes,28,28
F12,M363,197,336,42,40,275,25,13,Yes,No,No,Yes,24,19
F5,M134,224,211,49,57,186,46,14,Yes,Yes,No,Yes,9,38
F6,M305,201,215,28,73,248,30,25,Yes,No,No,No,10,42
F4,M180,231,328,10,41,247,24,27,Yes,No,Yes,Yes,28,44
F19,M149,201,262,14,68,276,26,13,No,No,Yes,No,15,25
F20,M459,118,308,36,55,229,59,19,Yes,No,No,No,12,31
F1,M487,297,220,25,42,187,46,24,Yes,No,No,Yes,11,19
F20,M101,181,357,15,37,226,22,6,Yes,No,No,No,8,34
F17,M489,240,468,49,57,275,28,29,Yes,Yes,No,No,10,17
F12,M153,122,361,22,59,236,39,17,No,Yes,Yes,Yes,20,19
F15,M205,182,459,44,38,203,54,6,Yes,No,Yes,No,24,40
F1,M359,208,301,28,68,299,27,23,No,Yes,Yes,Yes,19,29
F14,M409,174,422,21,60,165,23,6,No,No,Yes,Yes,18,33
F6,M290,228,258,25,50,177,45,7,No,Yes,Yes,Yes,27,30
F5,M317,187,446,19,76,195,45,10,Yes,Yes,No,No,16,22
F11,M143,153,327,34,63,221,29,7,Yes,Yes,Yes,No,16,27
F4,M261,298,482,29,60,234,28,14,Yes,No,No,No,20,30
F13,M301,188,224,40,54,175,54,28,Yes,Yes,No,No,19,17
F11,M369,242,330,13,41,234,53,10,No,No,No,Yes,17,15
F3,M450,164,395,32,30,214,16,27,No,No,Yes,Yes,15,23
F1,M403,175,480,11,51,283,53,20,Yes,No,No,No,21,23
F6,M370,298,353,31,69,264,13,21,Yes,Yes,Yes,Yes,25,36
F18,M314,242,332,46,66,213,43,23,Yes,Yes,No,No,19,40
F10,M351,248,426,17,76,236,11,7,Yes,Yes,Yes,Yes,18,31
F5,M289,246,388,16,30,256,14,22,Yes,No,No,Yes,14,38
F10,M395,159,464,23,30,245,19,11,Yes,No,Yes,Yes,16,16
F12,M312,192,333,12,71,226,41,13,Yes,Yes,No,Yes,20,23
F2,M307,260,410,25,71,295,51,24,No,No,No,Yes,19,44
F13,M336,148,259,28,50,236,50,16,No,Yes,No,No,14,38
F8,M437,134,412,27,44,298,22,9,No,Yes,No,No,8,33
F2,M466,271,415,25,46,206,48,7,No,Yes,Yes,Yes,27,27
F20,M152,201,425,17,51,252,14,15,Yes,Yes,Yes,No,13,19
F1,M379,110,330,42,67,240,19,29,Yes,No,Yes,Yes,25,23
F5,M316,198,275,21,64,194,19,8,Yes,Yes,No,Yes,24,27
F9,M351,299,485,20,74,237,47,9,Yes,Yes,No,Yes,13,15
F17,M287,209,476,14,45,264,36,5,Yes,Yes,No,Yes,25,39
F9,M479,173,355,36,37,196,30,22,No,Yes,No,No,29,29
F11,M140,293,447,21,76,284,17,16,Yes,Yes,No,Yes,28,18
F15,M256,273,417,26,46,199,10,17,No,Yes,No,No,24,18
F6,M114,108,389,15,46,233,37,13,Yes,Yes,Yes,Yes,15,34
F3,M400,102,362,42,55,240,58,6,No,No,Yes,Yes,15,24
F17,M164,184,379,14,42,283,48,9,Yes,No,Yes,No,11,42
F5,M444,125,233,37,46,240,23,17,No,No,Yes,Yes,25,39
F12,M426,171,240,23,67,286,30,20,Yes,No,Yes,Yes,14,44
F18,M108,147,274,14,46,258,39,20,Yes,Yes,Yes,No,8,20
F14,M443,293,478,42,77,206,30,28,Yes,No,Yes,No,9,41
F11,M228,297,375,28,43,180,58,7,Yes,No,Yes,No,9,38
F9,M235,255,349,31,74,170,18,26,No,No,No,Yes,15,26
F2,M162,216,472,14,35,239,26,8,Yes,Yes,No,Yes,13,44
F12,M238,253,307,11,64,189,14,15,No,No,No,No,20,34
F3,M180,252,338,39,75,261,40,27,Yes,No,No,No,13,30
F3,M491,111,470,48,43,194,49,18,No,Yes,No,Yes,26,17
F1,M262,232,488,13,76,226,47,7,Yes,No,No,Yes,8,28
F8,M388,147,411,42,37,236,52,20,Yes,Yes,No,No,6,15
F8,M478,136,471,22,44,297,28,26,No,No,Yes,No,18,24
F11,M360,143,265,29,56,250,45,19,Yes,Yes,Yes,No,7,29
F9,M330,114,447,16,42,266,59,14,Yes,No,No,No,22,21
F5,M140,142,355,24,78,241,42,13,No,No,Yes,Yes,25,18
F14,M127,275,246,32,60,294,22,15,Yes,No,Yes,Yes,10,28
F3,M234,186,400,23,64,177,23,20,No,Yes,Yes,Yes,15,38
F5,M300,169,347,32,35,174,42,14,Yes,No,Yes,Yes,25,30
F5,M427,145,323,28,34,207,38,21,No,Yes,Yes,No,22,28
F19,M367,207,200,38,51,190,52,23,No,Yes,No,Yes,16,17
F14,M132,222,446,29,78,283,58,6,No,Yes,Yes,No,9,31
F4,M147,270,327,38,52,224,45,28,No,Yes,No,Yes,13,35
F13,M161,120,390,33,54,187,53,27,Yes,No,No,Yes,24,28
F10,M315,250,266,27,63,283,19,6,Yes,No,No,Yes,22,32
F18,M392,206,203,19,55,224,40,10,No,No,Yes,No,23,17
F8,M198,179,493,17,76,291,15,23,Yes,Yes,No,Yes,7,44
F8,M271,146,342,35,34,215,10,12,Yes,No,No,No,13,36
F7,M459,216,390,38,55,152,16,7,Yes,Yes,No,No,8,33
F8,M313,223,220,19,49,266,36,18,No,Yes,No,Yes,21,17
F14,M134,242,426,26,35,248,30,29,Yes,Yes,Yes,No,21,26
F19,M326,124,316,11,35,168,37,20,Yes,No,No,Yes,27,36
F6,M200,135,341,15,79,295,25,5,No,No,No,No,27,19
F1,M230,150,238,14,47,265,55,25,Yes,Yes,No,Yes,6,24
F15,M356,114,451,37,33,274,32,7,No,No,No,No,13,23
F1,M104,167,406,14,46,237,29,26,No,No,Yes,No,13,15
F17,M317,120,409,27,43,184,47,22,No,Yes,No,Yes,9,27
F1,M354,240,314,35,43,150,34,13,Yes,Yes,No,Yes,19,17
F15,M497,118,424,29,42,275,37,10,Yes,No,No,Yes,19,33
F2,M458,133,333,36,36,238,14,27,No,Yes,No,Yes,7,25
F14,M382,177,450,21,73,293,30,25,No,Yes,No,No,23,30
F8,M492,224,418,16,44,296,27,29,No,No,No,No,7,20
F8,M306,295,290,12,48,174,56,5,No,No,Yes,No,10,38
F19,M114,216,245,19,72,165,15,25,No,Yes,No,No,8,17
F7,M445,151,237,43,76,222,38,14,No,No,Yes,Yes,28,33
F19,M141,126,341,34,73,278,28,10,Yes,Yes,Yes,No,17,20
F6,M479,256,299,44,64,191,42,27,No,Yes,No,Yes,17,22
F6,M278,255,389,25,46,296,10,16,No,No,Yes,No,15,36
F3,M162,134,234,11,64,229,54,8,No,Yes,No,Yes,9,27
F7,M451,235,346,33,48,253,12,17,Yes,Yes,Yes,Yes,5,26
F19,M330,243,229,19,49,295,51,21,Yes,Yes,No,Yes,13,44
F8,M340,205,283,47,65,183,30,12,Yes,No,Yes,Yes,21,24
F10,M151,263,480,31,64,238,44,24,Yes,No,Yes,Yes,26,17
F20,M195,257,469,35,61,274,50,7,No,No,No,No,5,18
F15,M487,245,353,48,77,194,49,16,Yes,Yes,Yes,Yes,7,15
F15,M321,101,301,36,73,283,12,11,No,Yes,Yes,No,19,27
F1,M330,276,414,38,69,170,34,16,No,No,Yes,No,25,38
F20,M336,176,349,47,53,271,54,6,No,No,Yes,Yes,27,18
F7,M242,231,282,29,46,219,47,28,No,No,Yes,No,14,36
F4,M270,189,309,36,36,245,54,18,No,Yes,No,No,12,25
F6,M128,188,474,29,72,254,29,26,No,No,Yes,No,16,33
F1,M135,193,400,28,79,197,53,27,Yes,Yes,Yes,Yes,29,25
F5,M112,106,483,29,30,188,54,9,Yes,No,No,Yes,26,26
F1,M259,194,372,44,64,180,43,13,Yes,Yes,No,Yes,19,25
F4,M426,207,405,11,61,159,30,25,Yes,Yes,No,Yes,13,20
F2,M286,173,262,39,65,179,57,15,Yes,No,Yes,No,28,26
F10,M342,138,272,43,42,167,32,9,No,Yes,Yes,No,29,41
F5,M185,240,450,31,35,237,15,7,Yes,No,Yes,No,14,23
F10,M383,258,323,12,43,274,22,21,Yes,Yes,Yes,No,24,39
F1,M165,170,320,15,66,222,58,6,Yes,Yes,No,No,13,24
F6,M269,290,474,24,77,164,32,28,No,No,No,No,19,17
F13,M144,155,319,36,44,153,18,5,No,Yes,Yes,Yes,27,17
F15,M161,269,363,19,76,158,26,11,No,No,Yes,No,25,34
F4,M233,288,485,18,33,258,11,18,Yes,No,Yes,No,25,42
F13,M383,141,464,42,69,286,28,9,Yes,No,Yes,No,5,37
F20,M127,283,360,41,45,281,28,23,Yes,Yes,No,Yes,6,30
F15,M207,135,288,15,57,165,16,15,Yes,Yes,No,No,23,17
F8,M143,183,341,45,45,292,51,27,Yes,Yes,Yes,No,18,24
F5,M439,295,402,11,33,248,51,29,No,No,No,Yes,12,38
F15,M385,217,426,38,74,270,29,6,Yes,No,Yes,No,10,25
F4,M430,106,421,13,55,201,18,12,No,Yes,Yes,Yes,16,22
F12,M227,153,240,10,57,218,26,13,Yes,Yes,No,Yes,19,20
F13,M447,228,395,28,61,154,36,7,No,No,Yes,No,18,34
F2,M330,271,267,35,74,169,56,6,No,Yes,No,No,25,25
F19,M289,219,463,34,31,228,11,11,No,No,Yes,Yes,5,42
F19,M324,272,201,19,60,295,45,9,No,Yes,No,No,15,41
F4,M484,205,324,24,32,260,28,25,Yes,No,Yes,No,29,35
F4,M476,146,309,31,37,151,26,9,Yes,Yes,No,Yes,7,26
F11,M382,222,285,30,53,242,14,24,Yes,Yes,Yes,Yes,23,30
F5,M220,240,319,31,44,162,48,17,No,No,Yes,No,22,32
F20,M215,218,326,45,72,153,27,25,Yes,No,No,Yes,24,27
F11,M332,249,454,43,60,258,16,24,Yes,No,Yes,No,6,36
F10,M358,217,382,39,38,223,26,10,Yes,Yes,No,No,29,17
F8,M458,120,215,34,68,244,48,24,Yes,No,No,No,11,29
F6,M297,236,261,37,74,254,45,22,No,No,Yes,No,12,36
F6,M236,125,357,10,31,157,49,29,No,Yes,Yes,Yes,23,42
F8,M417,108,467,13,37,216,54,6,Yes,No,Yes,No,26,35
F15,M264,114,234,16,36,259,13,29,Yes,No,Yes,Yes,19,28
F14,M324,109,466,18,73,158,47,10,Yes,No,No,No,14,32
F11,M406,221,263,45,68,266,34,13,No,Yes,Yes,No,26,42
F12,M333,220,249,28,71,160,14,29,No,Yes,Yes,Yes,5,43
F13,M271,224,454,10,45,248,39,7,No,Yes,Yes,No,10,28
F8,M251,269,348,19,64,191,21,5,Yes,No,No,Yes,17,19
F18,M414,171,475,45,59,290,13,5,No,Yes,Yes,Yes,18,35
F1,M473,251,371,18,39,269,33,23,No,No,No,No,7,28
F15,M259,148,400,41,67,290,38,9,No,No,Yes,No,15,39
F8,M195,253,234,41,47,161,18,17,No,No,No,No,7,41
F11,M332,190,415,15,79,186,13,23,No,Yes,Yes,No,23,22
F12,M279,136,264,47,34,223,33,16,Yes,Yes,Yes,Yes,14,42
F12,M212,167,207,26,58,222,23,20,Yes,No,No,No,19,42
F4,M417,149,275,19,68,201,14,29,Yes,No,Yes,No,15,37
F16,M151,251,373,36,63,279,27,29,Yes,Yes,Yes,No,19,29
F4,M367,118,246,44,72,205,51,23,No,Yes,Yes,No,28,42
F5,M394,199,214,30,74,209,28,7,Yes,Yes,No,No,17,43
F5,M485,159,346,34,52,172,21,16,Yes,No,Yes,Yes,9,29
F8,M486,266,225,37,34,252,27,9,Yes,Yes,No,No,8,44
F10,M212,188,292,24,59,189,26,6,No,Yes,No,Yes,17,33
F17,M200,245,431,13,35,213,39,26,Yes,Yes,No,No,13,40
F9,M212,246,220,38,75,234,33,11,No,No,Yes,No,29,34
F19,M180,263,237,18,73,238,20,17,No,Yes,No,No,21,20
F14,M286,282,475,36,33,180,44,29,No,No,No,Yes,6,33
F8,M212,168,356,35,58,169,32,19,Yes,No,Yes,No,28,41
F9,M101,274,378,28,52,279,26,26,No,No,No,Yes,9,39
F11,M229,148,331,37,35,162,10,7,Yes,Yes,No,Yes,20,22
F1,M319,207,227,26,61,271,24,25,Yes,Yes,Yes,No,11,20
F14,M153,260,459,29,71,252,41,24,Yes,Yes,Yes,Yes,5,34
F5,M442,218,275,49,47,255,18,9,No,No,No,No,16,37
F14,M323,248,266,48,44,268,24,28,No,Yes,Yes,No,25,43
F4,M324,249,393,32,69,219,37,12,Yes,No,Yes,Yes,15,29
F1,M484,275,361,41,61,248,33,26,No,Yes,Yes,No,16,41
F19,M225,136,456,42,38,231,44,5,No,Yes,No,No,23,17
F8,M229,242,271,14,66,224,31,12,No,Yes,No,Yes,16,24
F15,M152,262,286,43,39,267,36,28,Yes,Yes,Yes,Yes,16,29
F15,M271,298,461,49,49,233,28,22,No,No,No,Yes,18,38
F9,M317,259,413,20,35,218,54,24,No,No,Yes,Yes,6,30
F9,M259,110,352,12,77,208,21,20,Yes,No,Yes,Yes,6,31
F10,M297,237,409,42,32,275,29,22,No,No,Yes,Yes,29,33
F20,M346,177,260,20,71,260,10,24,Yes,Yes,Yes,No,8,25
F9,M423,176,467,25,40,211,30,16,No,No,Yes,Yes,24,30
F3,M302,284,461,27,72,293,58,17,No,No,No,Yes,27,19
F20,M283,252,417,39,46,277,54,17,No,No,No,No,20,19
F11,M222,101,482,19,61,254,10,14,No,Yes,No,No,14,40
F6,M354,163,335,27,33,217,19,11,No,No,No,Yes,17,28
F2,M393,134,292,47,33,164,56,29,No,No,Yes,Yes,6,32
F7,M379,106,308,28,46,184,41,18,Yes,Yes,Yes,No,7,40
F18,M424,184,440,45,70,163,48,28,No,Yes,No,Yes,23,22
F2,M471,245,341,22,48,251,31,20,No,No,No,Yes,10,19
F17,M197,166,490,12,34,249,27,19,No,No,Yes,No,23,21
F11,M297,141,436,19,61,156,57,16,Yes,Yes,Yes,Yes,25,30
F12,M494,217,376,47,51,179,55,13,Yes,No,Yes,No,24,37
F19,M339,224,340,10,35,198,41,12,Yes,Yes,No,Yes,23,28
F7,M243,266,388,36,64,293,36,22,No,No,Yes,No,12,19
F20,M196,268,248,17,51,260,37,27,No,No,Yes,No,18,38
F6,M300,123,389,26,30,221,27,22,Yes,No,No,No,14,23
F1,M223,287,335,18,49,229,48,17,Yes,No,No,Yes,7,18
F17,M286,145,242,15,51,232,58,22,Yes,No,No,No,10,18
F11,M425,118,289,34,77,191,38,19,No,Yes,Yes,Yes,19,30
F18,M448,167,494,48,40,166,27,8,Yes,Yes,Yes,No,27,38
F17,M358,201,444,37,42,156,53,21,No,No,No,No,27,31
F7,M247,141,391,42,71,159,17,9,No,No,Yes,No,22,29
F17,M351,131,305,46,32,183,40,26,No,No,Yes,Yes,18,18
F20,M445,266,432,18,38,185,43,20,Yes,Yes,Yes,Yes,23,20
F9,M246,208,464,27,41,155,16,13,No,Yes,No,No,14,30
F17,M247,135,236,30,52,295,45,14,Yes,Yes,No,Yes,19,43
F20,M451,196,240,11,43,283,27,28,Yes,Yes,Yes,Yes,8,18
F8,M298,263,216,47,62,178,47,22,Yes,Yes,Yes,Yes,27,20
F17,M407,230,476,49,47,275,18,21,Yes,Yes,Yes,No,6,19
F7,M227,172,258,45,78,230,18,22,No,Yes,Yes,Yes,7,30
F1,M138,235,382,46,70,224,55,11,No,Yes,No,No,11,44
F13,M437,196,240,24,38,175,17,8,No,No,No,No,27,39
F19,M459,222,238,37,52,276,44,9,No,Yes,Yes,No,20,30
F19,M228,169,391,27,39,264,27,27,Yes,Yes,Yes,Yes,14,24
F17,M366,268,466,43,48,275,14,20,Yes,Yes,No,No,23,23
F13,M250,295,346,31,76,177,23,7,Yes,Yes,Yes,Yes,21,18
F16,M397,112,326,20,34,280,37,22,Yes,No,No,Yes,23,43
F8,M198,148,245,22,76,224,39,27,No,Yes,Yes,No,9,28
F19,M362,159,244,13,52,227,13,25,Yes,No,No,No,27,18
F18,M351,229,200,31,59,239,48,18,No,No,Yes,No,24,26
F1,M243,287,367,16,54,170,29,19,Yes,No,Yes,Yes,17,38
F14,M445,104,307,33,57,203,34,21,Yes,Yes,No,Yes,17,24
F19,M211,271,218,13,63,252,37,5,Yes,Yes,No,No,15,18
F15,M159,126,271,37,74,208,21,29,Yes,Yes,Yes,No,15,32
F18,M468,259,308,24,77,221,11,25,No,No,Yes,Yes,20,27
F2,M101,248,467,10,76,169,52,21,No,No,No,Yes,19,27
F17,M484,107,439,12,54,261,23,27,No,No,No,No,21,28
F18,M403,299,289,23,39,208,31,29,No,No,Yes,Yes,26,32
F6,M353,149,302,47,43,220,40,15,Yes,Yes,Yes,Yes,22,15
F19,M239,166,449,10,71,286,32,21,Yes,Yes,No,Yes,23,35
F4,M136,143,207,47,75,258,57,18,No,Yes,No,Yes,8,30
F1,M259,224,352,47,59,278,29,24,No,No,No,Yes,26,29
F8,M108,157,373,30,70,205,47,23,Yes,No,No,Yes,26,36
F7,M332,102,357,38,54,184,13,25,Yes,Yes,No,No,27,39
F3,M198,185,414,14,43,272,24,11,No,Yes,Yes,Yes,9,19
F10,M246,169,376,19,64,280,33,28,No,No,Yes,No,11,43
F10,M403,229,374,37,77,253,34,17,No,Yes,No,No,6,20
F19,M307,271,345,30,63,156,10,22,Yes,Yes,Yes,Yes,5,20
F14,M230,101,360,16,39,176,16,27,No,No,Yes,No,16,17
F2,M251,201,326,12,64,150,40,18,No,No,No,No,14,30
F1,M153,134,281,29,40,236,21,5,No,No,Yes,No,12,26
F18,M219,197,346,28,40,190,51,11,No,Yes,Yes,Yes,5,18
F7,M260,129,438,44,50,272,14,12,No,No,Yes,No,16,15
F8,M215,215,283,13,50,224,53,22,Yes,Yes,No,Yes,6,18
F1,M174,107,312,14,51,191,59,13,No,Yes,No,No,14,15
F3,M212,249,424,10,74,266,51,5,Yes,No,Yes,No,26,35
F8,M203,143,442,13,36,212,47,26,No,Yes,Yes,No,21,41
F15,M439,285,342,21,46,276,21,21,No,No,Yes,No,7,41
F5,M353,135,240,36,31,282,48,23,No,No,Yes,Yes,11,22
F3,M326,296,457,32,41,197,27,10,Yes,Yes,Yes,No,16,38
F19,M211,176,484,34,71,152,11,7,Yes,Yes,Yes,No,12,19
F1,M198,130,304,30,47,265,19,28,Yes,No,No,Yes,24,44
F15,M252,146,401,33,40,248,24,9,No,No,Yes,Yes,16,40
F8,M448,154,465,34,45,265,39,6,No,No,Yes,Yes,7,16
F2,M483,205,409,41,78,163,53,24,Yes,No,No,No,21,26
F3,M465,289,250,41,47,261,26,29,Yes,No,Yes,Yes,13,36
F14,M437,257,317,14,64,210,13,8,No,No,Yes,Yes,14,31
F14,M293,220,400,45,55,244,16,14,Yes,Yes,Yes,Yes,26,21
F11,M409,154,238,48,45,166,50,14,No,Yes,Yes,Yes,10,25
F16,M262,243,227,25,35,273,40,28,Yes,Yes,No,Yes,29,18
F4,M307,111,458,42,73,173,48,25,Yes,Yes,Yes,Yes,5,19
F20,M268,244,283,30,72,265,43,15,Yes,No,No,No,26,20
F5,M260,243,354,18,76,231,15,20,No,Yes,Yes,Yes,16,25
F14,M167,239,316,15,76,199,59,21,No,Yes,Yes,No,9,15
F16,M388,235,201,44,77,228,47,20,Yes,No,No,Yes,17,39
F18,M497,102,292,48,71,228,54,11,No,Yes,Yes,Yes,19,24
F7,M376,243,365,31,41,219,43,20,No,No,No,Yes,26,34
F10,M403,129,495,14,42,176,53,7,No,No,No,No,15,38
F7,M483,122,457,32,33,164,24,20,No,No,No,Yes,12,35
F1,M491,191,280,26,68,199,23,12,Yes,No,Yes,Yes,9,25
F19,M234,214,467,21,31,185,15,16,No,No,Yes,Yes,6,38
F16,M294,203,434,32,55,157,59,7,No,Yes,Yes,Yes,16,31
F19,M227,217,412,25,56,228,46,21,Yes,Yes,Yes,No,6,22
F4,M132,104,261,12,56,280,59,25,No,Yes,No,No,20,41
F18,M275,203,248,39,44,196,41,22,No,No,Yes,No,25,27
F2,M470,207,326,31,37,254,12,15,No,Yes,Yes,No,7,41
F1,M474,164,422,18,36,247,12,8,Yes,Yes,No,No,14,34
F15,M121,220,478,38,76,245,31,20,Yes,Yes,No,Yes,23,32
F5,M337,129,493,46,75,265,31,21,No,Yes,Yes,Yes,12,41
F20,M257,248,483,32,69,162,19,13,No,No,No,Yes,11,36
F11,M137,183,476,22,41,150,12,10,Yes,Yes,No,No,5,30
F10,M329,297,306,41,42,183,21,28,Yes,No,No,Yes,16,16
F2,M464,249,345,32,72,228,38,24,Yes,No,No,No,9,19
F3,M150,299,298,26,46,227,57,29,No,Yes,No,Yes,20,32
F12,M363,131,272,49,46,270,26,6,No,No,Yes,No,29,17
F20,M382,260,321,30,65,242,16,13,Yes,No,Yes,Yes,8,41
F5,M126,115,229,11,50,247,22,25,No,No,Yes,Yes,21,36
F5,M325,137,387,46,37,231,11,10,No,No,Yes,Yes,28,31
F6,M376,241,487,15,34,187,13,7,No,No,Yes,Yes,25,30
F9,M385,135,394,27,55,163,19,24,No,No,Yes,No,6,20
F2,M196,250,355,39,45,285,48,10,No,No,Yes,Yes,16,33
F12,M383,213,371,31,65,240,33,11,No,Yes,No,Yes,5,21
F3,M466,165,240,42,57,203,26,5,No,Yes,Yes,Yes,16,32
F20,M416,204,262,39,58,279,15,27,Yes,No,Yes,No,16,28
F12,M403,184,222,26,76,250,28,5,Yes,No,Yes,Yes,16,20
F17,M246,101,274,41,41,238,14,9,Yes,Yes,No,Yes,23,22
F10,M103,292,247,23,66,205,41,10,Yes,Yes,Yes,Yes,29,29
F14,M134,174,359,19,59,243,19,17,Yes,Yes,Yes,Yes,21,29
F17,M291,166,317,45,52,242,18,6,Yes,Yes,No,Yes,24,29
F18,M148,279,299,43,45,233,36,19,Yes,No,Yes,No,28,30
F19,M116,289,366,18,43,234,22,19,Yes,No,Yes,No,28,15
F17,M271,250,489,37,39,171,28,17,Yes,Yes,No,No,15,25
F14,M319,253,355,20,36,184,30,29,No,Yes,Yes,Yes,17,41
F9,M257,295,206,23,74,165,33,18,No,Yes,No,No,12,43
F8,M145,154,395,48,66,199,47,26,Yes,Yes,Yes,Yes,14,39
F2,M472,105,255,28,58,271,13,11,No,No,Yes,Yes,12,19
F13,M105,262,392,24,32,277,33,18,No,Yes,Yes,Yes,24,19
F7,M198,249,246,37,44,262,44,28,Yes,Yes,No,Yes,12,43
F9,M479,270,347,33,65,166,12,14,Yes,Yes,No,No,13,42
F11,M332,242,474,17,76,229,13,21,Yes,No,No,No,11,35
F14,M136,185,356,18,75,279,46,18,No,No,Yes,No,18,20
F4,M379,159,401,42,48,281,49,12,No,No,Yes,Yes,6,16
F13,M448,200,325,42,42,234,57,8,Yes,Yes,No,No,29,20
F2,M401,111,493,28,71,243,44,20,No,Yes,No,No,15,28
F5,M280,148,263,12,50,283,40,28,No,Yes,Yes,Yes,12,25
F11,M194,141,375,19,66,230,53,17,No,No,Yes,No,17,18
F6,M198,265,315,49,56,218,34,26,Yes,No,Yes,Yes,25,38
F18,M287,181,403,10,58,218,49,29,No,Yes,Yes,No,19,43
F10,M215,272,230,38,49,297,22,24,No,Yes,No,No,7,41
F4,M290,134,312,43,54,165,13,22,No,No,Yes,No,27,39
F9,M352,257,266,22,35,200,55,18,No,Yes,Yes,Yes,18,23
F6,M260,257,274,10,65,254,23,22,No,Yes,Yes,No,19,38
F2,M355,233,244,43,31,215,22,9,No,Yes,Yes,No,6,17
F17,M422,166,459,38,51,158,36,13,No,No,Yes,No,23,40
F5,M227,179,353,22,61,256,15,7,Yes,Yes,Yes,No,16,30
F6,M117,106,354,38,45,249,26,12,Yes,Yes,Yes,Yes,29,25
F12,M380,279,433,48,47,235,45,24,No,Yes,No,Yes,24,41
F10,M322,113,250,33,34,213,49,26,Yes,Yes,No,No,8,18
F6,M153,172,461,35,65,171,58,14,No,No,No,No,7,15
F8,M157,242,324,26,59,259,44,26,No,No,Yes,No,9,39
F2,M422,248,444,16,74,246,26,23,No,No,No,Yes,7,35
F12,M459,262,229,22,48,167,50,25,Yes,Yes,Yes,No,29,36
F13,M273,165,321,14,52,220,11,7,No,No,Yes,No,19,30
F7,M379,190,324,35,63,276,22,15,No,Yes,Yes,Yes,23,33
F10,M213,229,236,12,42,246,11,15,Yes,No,Yes,Yes,6,30
F13,M387,262,369,16,72,150,37,21,Yes,Yes,No,Yes,16,25
F17,M441,119,323,48,58,281,52,20,No,No,Yes,No,9,40
F14,M250,109,234,10,65,153,35,11,Yes,No,Yes,Yes,26,22
F2,M226,124,286,26,51,274,31,8,Yes,No,No,Yes,21,37
F11,M254,293,333,34,76,231,56,27,No,Yes,No,No,18,15
F1,M485,124,395,12,65,176,52,23,No,Yes,No,Yes,26,40
F19,M372,153,473,24,38,208,12,16,No,Yes,Yes,No,14,42
F4,M203,132,400,38,68,181,44,19,Yes,No,No,No,7,35
F19,M492,263,484,41,48,177,21,15,Yes,Yes,Yes,Yes,8,40
F11,M398,194,276,35,67,255,33,9,Yes,Yes,Yes,No,10,23
F8,M345,113,258,25,35,254,14,9,No,Yes,No,Yes,28,42
F11,M275,164,325,34,76,219,29,19,Yes,Yes,No,Yes,29,41
F4,M138,209,308,37,44,211,48,22,Yes,Yes,No,Yes,26,26
F17,M269,179,423,18,49,183,48,15,No,Yes,Yes,No,20,36
F7,M346,153,477,10,38,236,22,16,No,No,Yes,Yes,11,22
F8,M125,224,267,38,61,263,50,6,No,No,Yes,No,19,40
F3,M454,279,268,31,33,255,54,24,Yes,Yes,Yes,No,25,31
F2,M405,230,364,25,79,205,21,19,No,No,Yes,No,29,24
F15,M112,268,361,16,47,262,22,24,Yes,No,Yes,Yes,24,41
F5,M415,233,241,23,34,162,19,8,Yes,Yes,No,No,15,21
F1,M490,124,308,38,49,167,42,26,No,Yes,Yes,No,26,33
F4,M412,240,250,28,52,262,49,22,No,No,No,Yes,25,39
F15,M135,216,449,28,40,188,25,10,No,Yes,No,Yes,5,20
F20,M272,235,220,11,66,228,54,27,No,No,No,No,9,35
F19,M119,248,499,24,51,295,44,23,No,No,No,No,17,38
F3,M420,295,338,12,33,179,12,15,Yes,No,No,Yes,25,38
F20,M363,124,291,20,58,247,14,28,Yes,Yes,Yes,No,18,42
F11,M499,178,479,39,73,207,35,6,Yes,No,Yes,No,13,42
F17,M241,167,324,49,63,216,20,12,No,Yes,Yes,No,21,33
F13,M470,272,310,27,42,220,16,15,Yes,Yes,Yes,No,19,32
F11,M242,287,338,11,71,295,19,9,No,Yes,No,Yes,25,29
F2,M191,111,472,41,38,255,51,22,No,Yes,No,No,11,16
F9,M453,131,298,17,71,156,43,27,Yes,Yes,No,Yes,26,28
F2,M421,227,451,31,60,189,12,22,Yes,No,Yes,No,26,35
F9,M387,195,303,15,36,219,17,18,No,Yes,Yes,Yes,16,24
F9,M314,191,413,21,33,217,40,26,Yes,Yes,Yes,No,27,42
F8,M441,240,448,49,48,198,20,14,No,Yes,Yes,Yes,10,30
F17,M150,130,351,45,71,201,54,7,Yes,Yes,No,No,25,21
F1,M252,177,449,24,59,263,16,13,Yes,Yes,No,Yes,20,22
F11,M285,119,474,37,60,256,54,7,Yes,No,Yes,No,9,24
F8,M162,245,364,27,64,178,11,15,Yes,Yes,Yes,No,13,29
F10,M289,159,207,11,50,298,15,16,Yes,Yes,No,Yes,18,22
F7,M224,290,483,22,60,227,50,16,No,No,No,Yes,12,27
F3,M249,233,204,24,48,158,41,7,Yes,Yes,No,Yes,18,26
F3,M413,259,344,29,60,225,29,25,Yes,No,No,Yes,16,22
F18,M157,192,300,38,61,191,43,11,Yes,No,Yes,Yes,14,29
F5,M441,142,363,38,31,277,59,18,No,No,No,No,24,40
F12,M404,229,346,12,39,169,25,28,No,No,No,Yes,24,26
F12,M279,159,263,28,31,221,34,15,No,Yes,No,Yes,25,25
F19,M269,250,290,12,31,214,21,11,No,Yes,No,No,17,33
F6,M425,130,316,23,53,262,16,29,No,No,Yes,Yes,23,28
F2,M370,104,466,49,46,173,48,25,Yes,No,Yes,Yes,19,41
F12,M153,261,372,13,61,277,26,14,Yes,Yes,Yes,Yes,12,32
F19,M200,109,246,20,45,232,54,15,Yes,No,Yes,No,27,27
F5,M363,188,339,40,45,212,20,19,No,No,Yes,Yes,25,18
F12,M152,229,445,41,75,209,15,23,No,No,Yes,No,14,31
F17,M159,225,348,36,68,248,32,20,Yes,Yes,No,No,7,33
F17,M207,110,445,39,60,211,36,26,No,No,No,Yes,25,41
F10,M104,277,204,11,72,179,55,25,No,Yes,No,No,7,23
F17,M202,258,383,18,53,171,15,24,No,Yes,No,Yes,9,37
F15,M295,155,219,37,30,275,47,16,Yes,Yes,Yes,Yes,20,21
F12,M361,182,245,40,40,191,11,22,Yes,No,No,Yes,21,15
F16,M464,236,211,43,50,247,31,27,No,No,Yes,Yes,10,21
F19,M471,198,269,24,33,180,29,17,No,Yes,No,Yes,24,40
F8,M449,248,216,34,36,261,34,9,No,Yes,No,No,24,21
F17,M146,172,346,45,55,295,24,8,No,Yes,No,No,20,34
F5,M454,255,353,17,76,271,58,18,Yes,No,Yes,No,28,21
F16,M410,289,307,18,79,166,38,12,No,No,No,No,6,22
F6,M407,214,435,46,41,187,17,13,Yes,Yes,Yes,Yes,24,30
F8,M243,106,269,48,60,291,46,29,Yes,Yes,Yes,Yes,19,17
F18,M368,179,382,41,46,259,58,23,Yes,No,No,No,22,27
F12,M469,243,449,26,62,171,42,7,No,Yes,Yes,Yes,5,24
F15,M223,196,427,44,40,205,31,9,Yes,No,Yes,No,23,32
F9,M205,103,301,46,57,268,59,25,Yes,No,No,No,16,21
F13,M257,103,274,28,61,296,56,22,No,Yes,No,No,12,35
F15,M246,202,415,38,30,206,14,5,No,Yes,No,No,10,35
F10,M244,139,402,16,76,184,48,12,No,No,No,Yes,16,44
F16,M219,116,391,37,57,263,27,23,Yes,No,No,Yes,11,19
F7,M418,200,448,18,71,274,47,21,No,No,No,No,22,37
F17,M374,202,441,37,36,278,46,21,Yes,No,Yes,No,26,39
F7,M191,223,378,15,31,201,39,15,Yes,No,No,No,18,41
F14,M157,151,418,38,71,234,40,6,No,Yes,No,No,12,38
F15,M445,151,281,26,53,214,19,10,Yes,No,Yes,No,28,36
F7,M328,263,291,25,33,278,24,26,Yes,No,No,Yes,24,21
F9,M216,223,374,32,73,170,51,18,Yes,No,Yes,No,26,39
F19,M417,265,438,40,48,165,57,7,Yes,Yes,No,No,18,44
F16,M378,277,459,12,55,272,53,16,No,Yes,No,Yes,9,41
F8,M226,162,362,30,40,210,27,8,Yes,No,Yes,Yes,13,36
F18,M492,215,247,35,69,203,32,16,No,No,No,Yes,12,31
F18,M495,290,315,45,79,175,42,17,Yes,Yes,Yes,Yes,6,18
F20,M228,161,424,46,72,229,25,6,Yes,Yes,No,Yes,20,38
F7,M157,106,346,31,40,214,47,6,No,Yes,No,Yes,17,37
F3,M221,254,262,21,74,249,44,19,Yes,Yes,Yes,Yes,11,30
F18,M100,191,493,22,32,223,43,27,Yes,No,No,Yes,20,33
F10,M338,113,212,20,41,166,37,21,Yes,Yes,No,Yes,11,24
F7,M389,298,388,25,32,270,11,11,Yes,No,Yes,No,18,17
F17,M195,185,486,17,71,172,39,18,Yes,No,No,Yes,18,41
F14,M225,232,407,49,56,284,22,16,Yes,Yes,Yes,No,16,17
F3,M217,282,313,49,78,220,50,21,No,Yes,No,No,5,42
F12,M147,229,221,11,31,257,25,18,No,Yes,Yes,No,5,31
F13,M188,161,413,39,78,228,14,10,No,Yes,No,No,16,24
F2,M336,248,370,39,45,195,37,23,Yes,No,Yes,No,24,31
F3,M472,178,253,21,31,227,48,28,Yes,No,Yes,No,25,36
F5,M484,248,497,19,59,165,54,10,Yes,No,No,No,19,44
F11,M371,237,325,20,49,220,29,22,No,Yes,No,No,8,44
F8,M288,157,476,24,67,245,33,28,Yes,No,Yes,Yes,11,31
F12,M291,219,403,25,57,296,36,9,No,Yes,No,No,20,35
F7,M168,266,393,26,54,151,39,28,Yes,No,Yes,No,7,18
F15,M377,232,368,35,61,159,54,28,Yes,Yes,No,No,11,35
F17,M448,164,351,11,39,274,36,10,Yes,No,No,No,28,37
F4,M346,112,234,21,71,230,35,6,No,No,Yes,Yes,26,20
F13,M175,280,383,35,69,289,16,12,Yes,Yes,Yes,No,10,26
F18,M253,181,485,32,62,219,51,19,No,No,No,Yes,20,39
F1,M243,272,256,27,42,299,56,19,Yes,No,No,Yes,28,36
F16,M185,259,421,41,70,181,47,15,Yes,Yes,No,No,12,39
F13,M284,263,362,47,71,254,14,26,No,Yes,No,No,27,34
F10,M384,287,218,12,76,233,32,26,Yes,Yes,No,Yes,26,31
F12,M319,238,463,47,66,278,37,28,Yes,Yes,Yes,No,10,31
F2,M168,290,481,12,45,207,43,5,Yes,Yes,No,No,14,24
F3,M146,248,312,39,74,295,24,22,Yes,No,No,Yes,20,21
F10,M193,151,229,10,51,283,41,16,No,Yes,Yes,Yes,15,43
F2,M337,282,334,39,49,194,35,16,No,No,Yes,No,17,30
F13,M303,216,266,41,79,246,57,29,Yes,No,Yes,No,10,43
F13,M499,125,264,37,72,172,40,15,Yes,Yes,No,No,28,27
F18,M317,295,491,30,56,172,28,12,No,No,Yes,Yes,5,17
F3,M440,133,224,22,70,284,18,11,Yes,No,Yes,No,25,16
F7,M138,151,236,36,45,228,38,27,No,Yes,Yes,Yes,23,30
F14,M199,211,200,45,63,193,48,25,Yes,No,Yes,Yes,16,44
F20,M388,181,236,16,61,176,13,6,No,Yes,No,No,28,20
F17,M353,279,340,31,55,175,12,15,No,Yes,No,Yes,10,20
F12,M321,256,431,19,54,246,38,26,No,Yes,No,No,22,27
F16,M456,265,335,48,31,185,20,14,No,No,Yes,No,17,21
F12,M122,141,387,24,41,258,42,7,Yes,No,Yes,Yes,11,19
F15,M349,120,327,24,69,204,47,24,Yes,No,Yes,No,27,38
F10,M109,141,400,13,38,218,20,14,No,No,Yes,Yes,17,21
F7,M345,240,326,41,41,210,36,22,No,Yes,Yes,Yes,25,16
F20,M424,212,456,32,55,279,42,18,No,No,Yes,No,12,31
F5,M199,204,363,15,38,204,30,22,No,Yes,No,No,25,27
F1,M389,291,234,33,39,271,48,28,Yes,No,No,No,21,44
F17,M279,116,393,29,61,246,40,12,No,No,Yes,No,13,39
F3,M322,219,390,46,63,229,47,14,No,No,No,Yes,24,35
F13,M493,236,303,29,77,236,55,26,No,No,Yes,Yes,17,42
F14,M349,268,222,21,49,187,11,17,No,No,Yes,Yes,6,41
F18,M246,228,464,42,68,268,36,25,No,Yes,No,No,8,35
F4,M195,229,489,37,31,227,45,12,No,No,Yes,Yes,29,42
F18,M356,159,459,17,30,184,20,8,No,No,No,Yes,6,30
F5,M424,147,274,10,65,228,56,8,Yes,No,Yes,No,8,40
F16,M103,128,271,46,53,216,27,9,No,No,Yes,No,22,34
F1,M115,196,458,31,56,236,10,5,No,Yes,No,No,9,16
F14,M379,109,387,15,31,183,44,21,No,No,Yes,Yes,23,19
F15,M435,157,372,30,60,246,44,6,Yes,Yes,Yes,No,14,32
F9,M346,287,489,41,43,220,40,12,Yes,No,Yes,Yes,22,42
F15,M357,120,244,44,31,152,37,11,Yes,Yes,No,Yes,29,21
F17,M483,127,260,24,58,207,48,19,No,Yes,Yes,Yes,25,25
F4,M259,133,282,14,44,181,10,29,No,Yes,Yes,Yes,14,39
F12,M439,107,322,15,41,180,34,9,No,Yes,Yes,Yes,9,39
F5,M251,286,215,34,66,231,52,6,Yes,Yes,No,No,21,25
F5,M495,299,265,49,57,192,47,11,No,No,No,Yes,26,36
F11,M277,276,344,38,49,284,29,12,Yes,Yes,No,No,17,31
F6,M262,178,361,16,68,254,12,11,Yes,No,No,Yes,27,30
F7,M479,244,433,49,53,150,11,11,Yes,Yes,No,Yes,21,27
F14,M132,287,343,22,50,210,27,18,Yes,Yes,Yes,No,13,36
F11,M278,186,387,47,39,163,53,25,Yes,No,No,Yes,28,19
F13,M200,187,212,27,75,155,19,22,No,Yes,No,Yes,16,34
F2,M367,272,383,11,43,252,14,10,No,Yes,Yes,No,18,30
F7,M422,168,310,17,66,159,18,8,Yes,Yes,No,No,18,42
F20,M164,259,489,20,47,220,11,14,No,Yes,Yes,Yes,12,36
F4,M267,271,494,42,53,239,43,22,No,No,No,Yes,27,36
F8,M429,292,414,47,43,298,47,16,Yes,Yes,Yes,Yes,9,30
F20,M142,186,319,36,63,275,40,20,Yes,Yes,Yes,No,23,30
F19,M143,200,254,29,41,246,19,29,No,No,No,Yes,18,28
F13,M384,107,226,21,51,223,59,11,No,No,No,No,13,20
F14,M496,176,317,40,35,264,21,10,No,Yes,Yes,No,11,16
F10,M111,299,420,36,65,200,45,9,No,Yes,Yes,Yes,12,28
F11,M194,186,430,41,74,205,30,7,Yes,No,Yes,No,18,30
F2,M401,142,252,19,65,190,58,16,No,Yes,Yes,Yes,26,37
F9,M485,228,494,12,51,181,56,19,Yes,No,Yes,Yes,18,44
F17,M352,208,432,36,43,164,15,14,Yes,Yes,Yes,No,15,34
F3,M341,278,357,44,45,211,57,24,No,No,Yes,No,18,27
F6,M134,251,468,40,65,177,58,23,No,No,No,No,25,29
F5,M314,251,220,24,54,213,12,20,No,No,Yes,No,12,26
F5,M436,116,252,25,61,279,19,15,Yes,Yes,No,No,7,23
F15,M189,232,474,22,62,276,14,12,Yes,Yes,No,No,27,40
F17,M363,247,480,44,74,185,55,7,Yes,Yes,Yes,Yes,22,32
F9,M192,120,413,20,65,263,35,27,Yes,Yes,Yes,Yes,7,35
F3,M189,157,230,30,49,162,30,11,No,No,No,Yes,17,28
F20,M214,258,382,20,47,164,54,27,Yes,No,Yes,No,16,34
F17,M204,209,222,39,67,238,35,11,Yes,No,Yes,No,19,39
F10,M490,238,231,44,32,171,47,18,No,Yes,No,No,22,18
F3,M295,279,273,31,52,223,53,6,Yes,Yes,No,Yes,9,22
F18,M413,242,209,47,61,174,35,14,Yes,Yes,No,Yes,11,22
F18,M213,234,253,40,74,250,17,23,No,No,Yes,No,15,36
F17,M174,127,251,23,45,266,14,13,Yes,Yes,Yes,No,15,36
F3,M475,150,347,33,34,190,24,20,Yes,Yes,No,No,19,30
F3,M316,285,359,41,33,237,25,23,Yes,No,Yes,No,14,41
F6,M376,104,213,45,50,259,10,22,Yes,No,No,Yes,19,38
F13,M348,104,377,41,69,269,25,13,No,Yes,Yes,Yes,17,42
F15,M263,193,252,24,43,246,46,20,Yes,No,No,Yes,18,43
F9,M493,195,221,44,68,294,12,17,No,Yes,Yes,No,21,42
F4,M456,107,229,12,60,206,56,14,Yes,No,No,Yes,17,24
F14,M291,163,390,25,43,279,40,29,No,No,Yes,No,14,39
F5,M326,237,459,14,35,245,22,24,No,No,Yes,No,29,35
F2,M276,137,404,30,41,270,25,18,No,Yes,No,No,5,41
F11,M198,210,258,19,45,211,52,16,Yes,Yes,Yes,Yes,5,31
F9,M135,211,463,28,46,286,30,29,Yes,Yes,Yes,Yes,19,15
F3,M195,180,211,34,74,217,11,23,Yes,No,No,No,20,32
F9,M251,235,318,13,52,230,36,11,No,No,Yes,Yes,16,24
F3,M250,203,489,38,43,166,47,27,Yes,No,Yes,No,28,40
F2,M289,252,447,28,36,266,35,19,Yes,No,Yes,No,10,35
F12,M323,172,326,11,75,199,47,20,Yes,Yes,No,No,10,18
F10,M136,293,274,19,61,261,55,12,Yes,Yes,No,Yes,16,15
F9,M367,277,403,34,44,243,34,14,No,Yes,No,Yes,29,18
F15,M468,294,248,29,73,234,20,8,No,No,No,No,19,18
F8,M282,148,278,28,46,298,17,23,Yes,No,No,Yes,8,40
F5,M112,135,440,32,70,295,17,23,Yes,Yes,Yes,Yes,28,18
F11,M378,225,353,33,76,223,42,25,Yes,No,Yes,Yes,8,31
F2,M316,167,473,20,73,258,16,19,No,Yes,No,Yes,6,23
F15,M454,177,295,43,63,294,47,18,Yes,No,Yes,No,28,44
F6,M460,204,413,37,34,167,30,5,No,No,Yes,Yes,16,33
F8,M385,268,493,14,74,191,17,20,No,Yes,Yes,No,11,27
F5,M372,221,408,14,56,250,30,14,Yes,Yes,Yes,No,24,18
F16,M468,218,287,30,52,194,29,23,Yes,No,No,Yes,13,19
F18,M161,289,463,21,69,231,17,26,Yes,Yes,No,No,13,43
F6,M183,213,356,13,43,166,55,7,No,Yes,Yes,No,12,27
F5,M467,109,355,29,44,222,40,9,No,No,Yes,Yes,18,37
F16,M316,248,338,47,72,163,59,13,Yes,No,No,No,5,30
F13,M441,263,320,34,62,281,38,22,No,No,Yes,No,27,36
F5,M496,239,264,23,60,231,57,15,Yes,Yes,Yes,Yes,25,19
F13,M286,190,306,20,64,297,18,20,Yes,No,Yes,Yes,27,22
F17,M118,101,346,41,46,269,24,6,No,No,No,Yes,16,30
F18,M276,217,336,20,57,269,39,16,No,No,No,Yes,29,44
F8,M199,112,361,27,48,196,35,26,No,No,Yes,Yes,6,15
F13,M495,280,299,36,75,256,19,10,No,No,Yes,No,17,37
F19,M332,259,340,27,52,257,38,15,Yes,Yes,Yes,No,8,42
F3,M175,194,282,32,61,158,25,12,Yes,No,Yes,Yes,24,20
F8,M364,243,376,20,69,228,45,16,Yes,No,Yes,Yes,22,25
F2,M383,131,397,30,42,164,29,6,No,Yes,Yes,No,23,30
F8,M305,131,311,14,49,168,54,13,Yes,No,No,Yes,20,19
F13,M322,223,255,32,64,239,46,19,No,No,No,Yes,18,30
F13,M483,110,378,34,34,175,31,6,No,Yes,Yes,No,12,21
F1,M151,109,385,19,38,241,16,5,No,No,No,No,16,33
F6,M438,114,417,31,58,231,32,14,Yes,Yes,Yes,No,13,15
F19,M466,116,416,28,35,280,50,6,No,No,Yes,Yes,10,23
F16,M243,267,319,10,54,191,49,16,No,Yes,No,No,22,32
F8,M472,245,374,16,60,168,38,27,No,Yes,No,Yes,6,27
F1,M168,282,222,13,51,166,25,12,No,No,Yes,No,27,40
F16,M198,252,412,10,31,225,47,9,No,Yes,Yes,Yes,12,29
F9,M495,158,434,24,74,212,37,26,No,Yes,No,Yes,28,17
F13,M124,177,212,49,34,280,57,5,No,No,No,Yes,18,38
F11,M478,223,300,21,56,256,47,19,No,No,Yes,No,10,42
F13,M152,213,223,31,54,198,40,10,No,Yes,Yes,No,14,24
F10,M250,121,210,31,37,204,23,16,No,No,Yes,No,12,23
F4,M243,257,472,26,30,248,42,12,No,Yes,No,Yes,21,27
F6,M156,271,480,38,49,201,18,17,No,Yes,Yes,No,29,30
F7,M138,131,293,23,73,249,36,23,Yes,No,No,No,16,17
F5,M208,278,400,29,52,266,33,5,Yes,No,Yes,Yes,21,36
F11,M280,273,220,42,61,267,22,15,No,Yes,No,Yes,17,37
F13,M141,212,410,24,40,156,35,24,No,No,No,No,23,29
F19,M285,219,339,21,68,195,38,5,No,No,No,No,16,31
F10,M497,248,492,49,76,195,58,12,Yes,Yes,No,No,20,28
F10,M322,221,497,29,53,249,52,9,Yes,Yes,Yes,Yes,29,21
F11,M221,131,300,39,40,293,37,21,Yes,Yes,No,No,9,34
F7,M232,218,227,47,58,203,37,12,No,Yes,No,Yes,29,30
F18,M262,138,240,12,55,211,17,29,No,Yes,No,Yes,20,35
F4,M314,111,345,37,45,278,32,14,No,Yes,Yes,No,29,22
F2,M320,274,455,35,64,198,38,6,No,No,Yes,No,10,18
F14,M334,117,426,39,49,174,14,13,Yes,Yes,Yes,Yes,15,34
F13,M430,248,435,22,75,159,51,28,No,No,Yes,Yes,21,38
F12,M245,240,212,22,32,267,16,27,Yes,No,Yes,No,27,29
F7,M338,248,409,11,30,293,51,7,Yes,Yes,Yes,No,18,19
F2,M175,225,428,46,76,241,45,22,No,No,No,No,10,27
F13,M108,235,299,47,30,283,50,11,Yes,Yes,No,Yes,29,20
F14,M173,145,230,11,46,293,36,19,Yes,No,No,Yes,27,42
F17,M352,203,215,45,31,297,55,25,Yes,Yes,Yes,No,15,41
F9,M329,234,336,35,58,229,11,26,Yes,Yes,No,Yes,16,44
F17,M106,250,365,20,49,220,34,24,No,Yes,No,Yes,17,19
F8,M273,185,299,17,35,227,18,22,No,Yes,Yes,No,8,31
F2,M240,249,308,49,37,192,36,29,Yes,No,No,Yes,11,21
F13,M267,188,372,31,58,239,10,7,No,No,Yes,No,6,20
F3,M269,121,436,29,77,227,32,27,Yes,No,No,No,10,16
F16,M492,191,361,17,62,175,19,18,No,No,Yes,Yes,10,25
F6,M382,128,415,38,32,270,51,28,No,No,Yes,Yes,22,21
F19,M221,112,463,49,64,194,34,6,No,Yes,Yes,No,24,36
F7,M293,101,462,35,34,212,12,18,No,Yes,No,Yes,12,35
F10,M104,128,491,39,56,217,15,26,No,Yes,No,No,12,22
F9,M128,279,473,26,73,151,15,15,Yes,Yes,Yes,Yes,12,19
F2,M264,126,202,29,41,291,11,20,No,Yes,Yes,Yes,12,41
F15,M438,149,227,25,49,257,27,12,Yes,No,No,Yes,5,32
F5,M235,194,348,16,74,179,32,11,Yes,Yes,No,No,6,36
F4,M464,250,227,25,49,198,11,15,No,Yes,Yes,Yes,16,30
F20,M420,187,264,36,38,289,21,7,Yes,No,No,No,19,28
F4,M441,143,220,32,68,193,31,21,No,No,No,No,8,26
F18,M244,121,451,33,33,162,46,18,Yes,Yes,No,No,29,31
F4,M426,270,434,18,48,227,29,10,Yes,Yes,Yes,Yes,7,19
F17,M316,264,426,44,67,275,48,12,No,No,Yes,No,18,28
F12,M400,288,212,29,56,247,33,26,No,Yes,No,No,26,20
F17,M231,196,248,46,74,175,57,9,No,Yes,Yes,Yes,27,29
F10,M391,283,317,26,72,298,29,12,No,Yes,No,No,12,21
F1,M169,102,253,40,42,197,10,6,Yes,No,No,No,17,28
F18,M351,290,337,17,42,215,10,19,No,Yes,Yes,Yes,27,32
F18,M374,217,252,24,51,236,26,16,Yes,Yes,Yes,No,23,15
F14,M463,118,243,40,57,228,10,21,Yes,No,Yes,Yes,26,20
F15,M281,122,252,39,76,172,54,5,Yes,No,No,No,9,17
F12,M266,256,273,29,74,230,39,19,Yes,No,No,No,17,19
F4,M190,129,245,48,51,197,50,18,Yes,Yes,Yes,Yes,24,26
F3,M301,138,212,21,72,273,56,24,Yes,No,Yes,No,5,25
F20,M445,207,364,26,48,279,12,26,No,Yes,Yes,No,20,27
F12,M118,210,301,39,37,233,55,20,Yes,No,No,No,27,30
F7,M138,124,479,38,37,169,20,13,Yes,Yes,No,Yes,28,32
F11,M225,227,457,28,71,195,33,5,Yes,No,No,Yes,6,31
F1,M272,210,337,20,55,280,31,21,No,Yes,Yes,Yes,11,31
F6,M240,235,362,43,77,161,53,17,No,Yes,Yes,Yes,10,43
F15,M341,205,310,16,55,189,54,25,Yes,No,No,Yes,9,25
F15,M319,285,301,43,52,215,35,25,No,No,Yes,No,8,34
F19,M225,243,216,29,72,249,22,9,Yes,Yes,Yes,Yes,6,24
F11,M157,171,467,47,42,227,10,14,No,No,Yes,Yes,14,43
F2,M247,228,381,33,57,165,33,10,Yes,Yes,Yes,Yes,26,30
F14,M416,207,223,19,38,232,19,28,No,No,No,No,9,16
F2,M482,104,228,41,49,193,44,23,No,No,Yes,No,22,31
F4,M460,102,370,24,48,283,33,29,No,Yes,No,Yes,14,36
F17,M100,292,427,46,77,249,37,17,Yes,No,No,No,27,44
F3,M486,231,387,29,68,171,45,5,Yes,No,Yes,No,26,34
F13,M447,203,429,12,41,167,25,24,Yes,Yes,No,No,19,24
F9,M289,163,318,46,44,161,49,29,No,Yes,No,No,13,27
F7,M290,205,355,49,60,272,25,19,No,No,Yes,Yes,15,26
F15,M468,197,471,17,43,266,26,18,Yes,Yes,No,Yes,25,29
F11,M411,109,374,49,40,200,24,12,No,No,No,No,29,21
F20,M216,248,303,32,55,220,25,14,Yes,No,No,No,29,41
F2,M233,227,291,49,71,197,24,13,Yes,Yes,No,No,21,36
F15,M157,145,385,20,56,168,43,21,Yes,Yes,No,No,25,35
F14,M143,254,482,17,40,155,20,13,Yes,Yes,No,Yes,13,40
F20,M272,165,380,38,67,233,10,7,No,Yes,No,No,27,42
F11,M259,268,369,39,63,202,24,15,No,Yes,No,Yes,20,27
F3,M272,211,386,19,72,256,35,16,No,Yes,Yes,No,10,26
F17,M416,112,374,48,48,250,13,14,Yes,No,Yes,Yes,26,26
F12,M402,236,421,37,35,197,52,29,No,No,Yes,No,15,42
F15,M248,263,432,45,75,284,14,21,Yes,Yes,No,Yes,27,16
F16,M179,185,361,22,67,218,44,21,Yes,No,No,Yes,21,19
F5,M473,189,333,41,78,160,22,29,Yes,No,No,Yes,8,39
F20,M312,157,423,45,71,292,19,15,Yes,No,Yes,No,19,39
F6,M302,153,352,46,57,280,20,26,Yes,No,Yes,Yes,5,16
F19,M351,111,232,35,30,271,27,8,Yes,Yes,Yes,No,26,37
F5,M328,113,254,31,64,218,43,11,No,No,No,Yes,24,40
F3,M263,220,206,13,69,172,48,25,No,No,Yes,Yes,5,44
F1,M326,261,443,40,37,186,50,18,No,Yes,Yes,No,13,34
F6,M246,280,325,27,76,158,51,11,No,Yes,No,Yes,16,27
F15,M119,220,211,47,36,164,59,28,Yes,Yes,Yes,No,8,43
F2,M146,119,215,33,40,280,32,12,Yes,Yes,No,No,26,17
F3,M332,174,407,32,68,242,16,5,No,No,Yes,No,17,25
F17,M404,243,242,31,33,166,48,28,No,Yes,No,No,11,30
F12,M113,169,334,11,54,298,12,26,No,No,No,Yes,12,15
F18,M242,155,427,40,41,221,21,8,No,No,No,Yes,17,33
F15,M100,200,310,20,55,298,16,16,No,Yes,No,No,15,25
F12,M472,285,359,37,67,270,58,28,No,Yes,No,Yes,13,23
F16,M153,231,463,41,75,160,35,7,No,Yes,Yes,Yes,29,28
F8,M473,210,424,14,41,221,42,17,No,Yes,No,No,28,23
F14,M358,224,416,47,72,255,46,24,Yes,Yes,No,Yes,20,21
F17,M243,231,244,19,66,274,57,10,Yes,Yes,No,No,14,30
F8,M111,119,413,49,75,184,24,15,Yes,No,No,Yes,15,17
F15,M429,237,258,33,53,268,11,27,Yes,No,Yes,Yes,16,43
F14,M323,123,331,44,45,163,50,8,No,No,No,No,18,33
F18,M371,253,303,32,42,163,16,24,Yes,No,Yes,Yes,23,18
F20,M457,136,394,26,54,159,41,20,No,Yes,No,Yes,16,21
F7,M255,153,356,10,33,289,13,11,Yes,Yes,No,No,22,37
F3,M472,202,297,40,40,187,29,26,No,No,Yes,Yes,25,42
F12,M107,248,425,40,61,257,59,15,No,No,Yes,No,21,26
F3,M221,137,404,43,78,268,45,28,Yes,No,Yes,Yes,7,44
F20,M447,273,278,18,36,183,41,5,Yes,Yes,No,No,5,32
F14,M263,103,323,31,75,159,37,11,No,Yes,Yes,No,23,42
F15,M189,287,417,22,40,271,22,16,No,Yes,No,No,8,19
F14,M235,156,203,34,57,294,10,11,No,No,Yes,No,27,37
F7,M285,272,289,27,70,294,44,27,Yes,No,Yes,No,20,37
F17,M415,119,303,21,52,264,57,11,Yes,Yes,No,Yes,16,36
F12,M277,116,318,49,74,150,39,14,No,Yes,Yes,Yes,25,40
F20,M127,218,332,26,52,161,45,20,Yes,No,Yes,No,25,24
F4,M319,170,295,24,79,252,34,12,No,No,No,Yes,17,26
F9,M456,103,342,24,57,153,25,13,Yes,Yes,No,No,21,22
F6,M140,113,487,24,72,290,28,13,Yes,No,No,Yes,12,33
F16,M327,102,227,48,76,247,10,6,Yes,Yes,Yes,Yes,17,29
F2,M291,179,477,22,55,255,14,17,Yes,Yes,Yes,No,24,15
F8,M244,285,432,26,54,234,31,17,Yes,No,Yes,No,9,17
F11,M300,154,216,41,58,270,33,27,No,No,Yes,Yes,22,41
F13,M311,231,258,18,48,281,52,27,No,No,Yes,Yes,19,32
F17,M319,219,289,49,62,231,54,8,Yes,Yes,No,No,16,32
F8,M339,123,398,29,65,168,46,29,No,No,Yes,Yes,21,44
F18,M496,261,225,35,43,279,45,28,No,No,No,Yes,29,44
F18,M145,257,224,36,43,161,45,16,Yes,Yes,Yes,No,19,16
F14,M134,181,466,30,64,230,13,21,No,Yes,No,Yes,6,19
F15,M352,246,380,27,59,223,45,6,Yes,No,Yes,No,10,43
F6,M489,258,267,22,57,247,27,17,No,Yes,Yes,No,21,15
F11,M181,287,248,25,46,155,59,22,No,Yes,No,No,20,24
F13,M470,159,374,18,32,285,25,19,No,Yes,Yes,Yes,21,34
F1,M355,246,251,21,45,274,50,12,No,No,No,Yes,29,44
F6,M296,148,301,47,75,200,27,19,No,No,Yes,No,24,24
F9,M402,162,415,28,59,160,31,5,No,Yes,Yes,No,13,19
F8,M109,209,387,16,58,276,11,24,No,Yes,No,Yes,9,32
F11,M411,249,256,44,74,289,30,14,Yes,Yes,Yes,Yes,27,35
F19,M385,251,246,27,44,222,45,16,Yes,No,No,Yes,5,40
F9,M341,208,358,25,75,151,53,9,Yes,Yes,Yes,No,10,29
F17,M350,175,373,48,54,157,48,13,Yes,Yes,Yes,No,28,34
F12,M464,129,441,13,67,288,56,27,No,No,Yes,Yes,18,22
F14,M104,157,481,34,71,273,48,12,No,Yes,Yes,Yes,21,31
F15,M218,216,440,41,76,202,38,20,No,No,Yes,Yes,29,26
F16,M388,258,204,49,67,159,35,18,Yes,No,Yes,No,23,35
F20,M473,199,283,22,52,261,30,29,Yes,No,Yes,No,5,44
F1,M164,291,447,26,54,157,26,17,Yes,Yes,No,Yes,5,44
F10,M245,118,253,46,71,185,25,27,No,Yes,Yes,Yes,17,41
F8,M323,275,360,15,36,255,40,25,Yes,No,Yes,No,18,26
F18,M338,272,425,28,51,163,18,17,No,Yes,Yes,No,10,40
F1,M276,193,214,22,46,235,40,9,Yes,No,No,Yes,10,15
F2,M366,282,423,35,47,298,23,20,No,Yes,No,Yes,5,40
F1,M440,212,260,23,78,199,58,15,Yes,No,Yes,Yes,18,40
F1,M381,282,321,40,70,169,46,26,No,No,Yes,No,7,18
F9,M162,245,476,13,39,236,11,9,Yes,Yes,Yes,Yes,27,22
F13,M316,162,245,48,39,284,57,17,Yes,Yes,No,No,14,15
F1,M441,215,493,17,36,286,55,15,No,Yes,Yes,No,23,41
F13,M414,212,261,34,77,278,23,29,No,Yes,No,Yes,23,29
F20,M382,146,285,22,79,187,42,23,Yes,No,Yes,Yes,23,32
F7,M276,156,409,41,67,193,44,7,No,No,No,No,27,15
F2,M197,217,277,47,56,235,48,19,Yes,Yes,No,Yes,8,25
F6,M204,144,401,47,62,193,56,11,No,Yes,Yes,No,24,37
F7,M198,260,422,37,30,223,29,11,Yes,No,Yes,Yes,23,16
F14,M484,244,421,39,73,268,11,10,No,Yes,Yes,Yes,14,15
F18,M410,297,202,12,63,271,50,7,Yes,Yes,Yes,Yes,29,26
F15,M105,103,205,37,33,283,28,17,Yes,Yes,Yes,Yes,6,30
F2,M296,247,292,12,46,294,46,11,Yes,Yes,Yes,No,8,36
F10,M450,146,207,43,33,200,27,9,No,No,Yes,No,28,36
F12,M232,242,434,25,72,187,25,27,Yes,No,No,No,10,24
F17,M457,297,307,31,55,200,13,22,No,Yes,Yes,Yes,11,32
F8,M358,146,360,41,33,159,21,26,No,No,Yes,No,20,29
F11,M122,177,408,47,30,269,38,12,No,Yes,No,No,11,31
F3,M152,223,439,17,36,298,16,21,Yes,Yes,Yes,No,22,44
F6,M264,174,249,17,59,219,23,24,No,Yes,Yes,Yes,24,24
F9,M301,202,210,15,79,234,21,5,No,No,Yes,No,26,17
F6,M182,236,355,23,38,206,44,18,No,No,Yes,Yes,23,40
F9,M244,189,269,41,64,275,14,21,Yes,No,No,Yes,13,44
F7,M184,243,368,44,37,188,26,14,No,No,No,No,24,35
F9,M177,168,471,19,53,182,51,16,No,No,Yes,Yes,14,30
F18,M465,160,267,12,48,167,41,20,No,Yes,Yes,No,17,20
F12,M100,237,451,21,65,206,19,18,No,Yes,No,No,22,17
F8,M150,149,247,40,79,245,52,20,Yes,No,Yes,No,20,23
F8,M272,102,383,38,72,197,26,12,Yes,No,No,No,26,25
F18,M304,206,386,14,56,191,14,27,No,No,No,No,21,35
F20,M359,212,289,34,61,176,54,14,No,Yes,No,Yes,26,27
F15,M468,193,338,40,43,223,51,21,No,No,Yes,No,17,32
F7,M387,217,288,30,47,259,18,22,No,Yes,Yes,Yes,16,40
F11,M133,297,473,29,57,181,58,24,Yes,Yes,Yes,No,14,36
F20,M447,180,218,48,58,175,42,20,Yes,No,No,No,5,42
F16,M194,208,353,31,45,174,45,21,Yes,Yes,Yes,No,12,38
F4,M171,150,459,13,64,224,45,20,Yes,Yes,Yes,Yes,25,41
F6,M138,246,307,22,76,172,27,23,No,No,No,Yes,26,36
F3,M253,269,484,29,60,206,18,28,No,Yes,Yes,Yes,22,18
F9,M349,134,258,22,33,275,38,28,Yes,No,Yes,Yes,6,36
F10,M261,145,324,26,66,236,59,12,Yes,Yes,Yes,No,20,38
F14,M217,253,472,45,46,180,23,10,No,No,No,No,16,22
F11,M358,168,306,42,68,213,34,10,No,No,Yes,Yes,13,27
F18,M478,192,498,10,77,182,24,25,No,Yes,No,Yes,7,24
F12,M405,163,444,24,75,151,15,13,No,No,No,Yes,26,16
F12,M367,264,446,22,55,167,51,8,No,Yes,No,No,25,22
F13,M153,148,207,26,77,233,38,16,Yes,Yes,Yes,Yes,8,20
F13,M335,248,340,33,68,184,24,16,Yes,No,Yes,Yes,6,30
F19,M488,173,207,17,70,263,38,27,No,Yes,Yes,No,12,32
F19,M321,291,293,36,33,295,13,21,No,No,No,Yes,14,31
F14,M350,104,238,32,59,259,27,19,Yes,Yes,No,No,20,20
F4,M412,199,280,17,59,237,59,13,No,Yes,Yes,No,27,27
F13,M211,169,386,17,51,221,58,11,Yes,No,No,No,15,37
F8,M354,189,283,35,40,274,53,14,Yes,Yes,Yes,No,22,28
F19,M402,103,287,22,31,179,48,20,Yes,Yes,Yes,No,26,44
F12,M306,225,441,48,73,202,25,16,Yes,Yes,Yes,Yes,18,40
F18,M328,138,292,46,41,287,20,29,No,Yes,Yes,Yes,12,35
F6,M440,262,285,37,59,236,23,11,No,Yes,Yes,No,27,44
F18,M497,228,243,34,65,288,12,22,Yes,Yes,Yes,No,19,24
F19,M165,123,336,25,47,162,59,19,No,Yes,Yes,Yes,21,38
F5,M174,156,273,11,55,189,51,10,No,Yes,No,Yes,25,25
F9,M202,199,235,27,36,238,47,16,No,No,Yes,No,22,27
F3,M291,169,300,26,30,217,54,15,No,Yes,No,Yes,10,26
F10,M351,140,355,39,55,191,51,24,Yes,Yes,No,Yes,27,23
F19,M325,281,454,48,52,296,27,7,No,No,Yes,No,18,18
F3,M393,273,370,22,55,243,29,6,Yes,No,No,Yes,27,21
F15,M405,159,415,41,74,168,57,10,Yes,No,No,Yes,7,38
F1,M197,207,369,38,35,172,34,28,No,Yes,No,Yes,11,43
F7,M437,287,451,39,35,203,47,26,Yes,No,Yes,Yes,19,36
F12,M385,156,254,27,73,214,22,29,No,No,Yes,No,25,16
F17,M434,130,290,22,37,289,13,9,No,Yes,Yes,Yes,28,21
F20,M446,183,477,30,53,173,23,22,Yes,Yes,Yes,No,20,43
F5,M407,251,300,39,51,183,42,20,No,No,Yes,Yes,20,23
F4,M348,135,354,30,48,202,37,12,Yes,No,No,No,12,19
F12,M265,257,340,26,66,285,46,29,Yes,Yes,No,No,11,29
F20,M434,251,372,49,47,167,17,24,No,Yes,Yes,Yes,10,32
F18,M129,207,209,28,60,206,53,26,No,Yes,No,No,6,18
F17,M346,205,427,24,66,261,43,15,No,Yes,No,No,26,33
F19,M205,257,464,18,59,154,53,14,Yes,Yes,No,No,17,34
F9,M150,185,447,19,71,162,14,28,No,No,No,No,16,40
F4,M180,234,446,40,62,232,14,29,Yes,Yes,Yes,No,19,21
F2,M232,262,354,32,39,178,40,16,Yes,Yes,Yes,Yes,13,40
F4,M384,282,233,39,66,152,54,25,No,Yes,Yes,No,6,22
F2,M487,113,328,42,41,239,18,10,No,Yes,No,No,21,31
F15,M237,219,359,18,59,253,51,24,No,Yes,No,Yes,9,27
F2,M283,237,288,10,56,272,41,9,Yes,No,Yes,Yes,15,38
F4,M429,179,292,44,68,225,42,27,No,Yes,Yes,No,26,35
F6,M372,243,440,20,38,279,12,13,Yes,No,No,Yes,23,42
F7,M439,281,316,43,50,257,39,20,No,Yes,Yes,Yes,28,37
F10,M168,205,293,25,41,231,59,26,No,No,Yes,Yes,11,25
F19,M133,169,362,18,58,226,21,18,Yes,No,No,Yes,6,41
F19,M361,143,298,41,62,151,38,26,Yes,Yes,No,Yes,20,15
F12,M152,172,312,24,72,276,12,12,No,Yes,Yes,Yes,16,16
F3,M304,144,290,21,44,284,35,24,No,Yes,No,No,27,31
F13,M225,283,405,42,31,175,39,23,No,Yes,Yes,No,19,19
F18,M334,206,216,23,68,237,18,18,No,Yes,No,Yes,5,44
F8,M142,183,473,17,73,165,35,11,No,No,No,Yes,29,44
F15,M339,181,372,17,47,222,11,9,Yes,Yes,Yes,No,17,20
F1,M470,206,315,36,32,181,12,22,Yes,Yes,No,Yes,27,40
F3,M210,284,380,21,36,164,55,6,Yes,No,Yes,No,10,39
F8,M348,120,290,10,72,290,13,15,Yes,Yes,No,Yes,17,38
F4,M250,295,281,49,47,154,34,26,No,No,Yes,No,22,21
F16,M282,277,313,20,73,223,22,12,Yes,Yes,No,No,7,42
F10,M435,260,456,48,67,201,48,5,Yes,No,No,Yes,5,35
F12,M194,106,257,40,66,226,53,26,Yes,Yes,Yes,Yes,19,44
F14,M473,169,353,26,62,259,44,16,No,No,No,Yes,17,29
F14,M499,226,315,42,73,292,32,6,Yes,No,Yes,Yes,9,33
F2,M107,242,465,41,60,255,18,22,No,Yes,No,No,29,30
F5,M487,259,402,38,40,276,11,11,Yes,Yes,No,Yes,17,39
F5,M459,247,240,30,33,156,50,21,No,Yes,Yes,No,26,27
F6,M487,242,304,30,47,189,53,26,Yes,No,No,Yes,9,19
F13,M283,275,392,49,33,248,40,27,No,No,No,No,23,17
F9,M380,298,477,32,78,292,53,18,Yes,No,Yes,Yes,25,17
F15,M294,248,436,15,63,234,56,28,No,Yes,No,Yes,28,33
F14,M451,269,420,31,58,214,11,11,No,Yes,Yes,No,22,28
F7,M294,253,267,47,53,281,41,26,Yes,No,Yes,Yes,25,30
F20,M254,219,396,46,51,160,27,29,No,Yes,Yes,Yes,26,36
F2,M192,227,455,17,31,257,22,7,No,No,No,Yes,14,31
F7,M259,241,338,44,73,175,55,10,Yes,Yes,No,Yes,28,41
F6,M160,156,348,20,35,234,14,24,Yes,Yes,Yes,Yes,12,18
F17,M221,264,298,33,71,272,51,6,No,No,No,No,19,27
F2,M150,157,275,30,54,293,53,21,Yes,Yes,Yes,Yes,25,22
F3,M376,120,481,11,50,217,19,16,Yes,Yes,No,No,29,33
F5,M104,181,308,49,45,253,52,16,Yes,Yes,Yes,Yes,24,19
F5,M191,168,387,28,60,229,34,21,No,Yes,Yes,Yes,29,16
F1,M269,230,398,48,43,202,43,14,No,Yes,No,No,27,29
F8,M416,186,353,37,68,255,46,7,No,No,Yes,No,26,16
F12,M121,264,239,26,57,193,39,24,No,Yes,Yes,No,8,25
F4,M425,148,332,15,61,289,16,22,No,No,No,No,6,27
F13,M100,246,331,28,57,239,15,17,No,Yes,Yes,No,28,37
F15,M232,214,478,47,78,250,12,16,No,Yes,Yes,Yes,10,24
F11,M332,188,283,37,38,246,22,21,Yes,No,No,No,7,17
F10,M111,184,441,11,74,158,12,8,No,No,Yes,No,11,19
F3,M445,227,315,47,51,161,35,27,No,Yes,Yes,Yes,14,17
F14,M145,239,308,46,61,218,33,14,Yes,Yes,Yes,Yes,27,20
F16,M133,288,420,13,34,177,15,15,Yes,No,Yes,No,10,27
F10,M177,268,240,31,52,205,52,10,Yes,No,Yes,No,20,24
F10,M317,260,346,35,34,248,58,10,No,No,Yes,No,6,33
F12,M400,277,311,45,71,259,51,13,Yes,No,Yes,Yes,28,22
F9,M172,216,302,22,61,226,21,19,No,Yes,Yes,No,21,32
F1,M381,295,245,41,39,252,58,6,No,Yes,No,Yes,17,17
F5,M348,226,470,26,68,255,45,8,No,Yes,Yes,Yes,5,38
F20,M146,170,394,45,44,258,11,9,Yes,Yes,Yes,Yes,10,38
F8,M220,185,479,28,36,261,20,21,Yes,Yes,No,Yes,9,31
F11,M313,132,482,44,58,207,48,12,No,No,Yes,No,29,22
F12,M338,180,239,49,76,227,43,12,No,No,Yes,Yes,17,24
F1,M155,251,388,37,32,224,35,26,No,No,Yes,Yes,27,16
F20,M449,160,363,10,48,191,27,16,Yes,Yes,Yes,No,22,26
F11,M206,160,223,27,39,217,30,25,No,No,Yes,Yes,16,37
F5,M418,197,223,49,57,182,45,12,Yes,Yes,Yes,No,11,20
F15,M147,127,203,42,58,220,49,23,No,Yes,No,Yes,19,16
F5,M160,285,489,21,44,205,55,7,Yes,Yes,No,No,7,35
F12,M436,142,380,17,64,254,53,22,No,No,No,Yes,20,37
F5,M125,268,447,33,35,250,31,25,Yes,Yes,No,Yes,5,38
F17,M391,266,315,25,41,200,39,23,Yes,Yes,No,No,20,17
F17,M356,185,478,13,76,223,59,23,Yes,No,Yes,Yes,28,31
F12,M107,276,268,47,67,270,52,19,Yes,Yes,Yes,Yes,16,43
F15,M212,116,453,36,42,292,39,10,Yes,No,Yes,No,23,21
F15,M454,197,380,18,58,292,17,20,Yes,Yes,Yes,Yes,12,43
F6,M352,297,368,25,48,154,43,12,No,No,Yes,Yes,27,35
F12,M279,297,448,21,32,232,56,20,No,Yes,No,No,16,19
F20,M306,197,387,40,37,200,18,22,No,Yes,No,No,19,37
F18,M402,164,253,33,37,159,29,24,No,No,Yes,No,6,15
F14,M226,173,337,23,49,289,49,20,Yes,Yes,Yes,No,21,22
F2,M155,184,367,34,76,153,34,15,No,No,Yes,No,11,26
F9,M313,104,302,43,33,244,28,11,Yes,Yes,No,Yes,17,28
F5,M113,101,284,12,50,295,14,21,Yes,No,No,No,5,30
F20,M127,121,411,33,32,229,20,21,Yes,Yes,Yes,Yes,10,24
F1,M177,211,202,18,74,185,24,16,No,Yes,No,No,17,29
F3,M315,156,378,35,37,174,17,17,Yes,Yes,Yes,Yes,15,35
F6,M485,165,237,29,52,247,28,14,No,No,No,Yes,14,38
F5,M464,173,438,49,45,250,32,11,No,No,No,No,20,40
F5,M253,197,368,19,42,158,36,18,No,No,Yes,Yes,28,29
F1,M113,243,229,28,32,210,49,27,No,No,No,Yes,27,24
F17,M286,211,389,12,77,202,41,5,No,No,No,No,24,35
F19,M411,278,224,33,38,295,35,21,Yes,Yes,Yes,No,21,42
F14,M470,224,311,14,43,212,36,8,Yes,Yes,No,No,21,21
F12,M106,266,405,12,42,270,28,25,No,Yes,Yes,No,8,40
F10,M102,185,384,36,36,254,59,9,Yes,Yes,No,Yes,9,17
F20,M210,175,246,25,44,153,51,24,No,Yes,Yes,Yes,27,16
F18,M337,187,427,24,36,242,38,28,Yes,No,Yes,Yes,18,20
F11,M462,267,238,44,67,177,48,27,Yes,Yes,No,Yes,24,35
F2,M338,137,215,21,63,229,50,29,Yes,No,No,Yes,14,23
F18,M373,287,221,35,70,225,42,11,Yes,Yes,Yes,Yes,18,24
F7,M393,158,412,43,51,265,28,14,Yes,No,No,No,5,18
F15,M326,237,348,32,53,218,46,21,Yes,No,No,Yes,15,41
F11,M470,198,440,40,78,247,28,11,Yes,No,No,Yes,27,17
F18,M114,291,471,29,66,150,42,5,Yes,Yes,Yes,Yes,22,23
F12,M291,162,258,21,73,245,56,11,Yes,Yes,Yes,No,20,38
F6,M218,148,486,32,30,166,25,28,Yes,Yes,Yes,No,22,36
